{
    "iteration_1": {
        "model1_normal": {
            "Max_accuracy": 68.35512907608695,
            "Min_loss": 0.8738700507775597,
            "Max_complexity": 0.8055755759340969
        },
        "model2_complexity": {
            "Max_accuracy": 89.7235576923077,
            "Min_loss": 0.28467622284705824,
            "Max_complexity": 0.7352815793720605
        },
        "model3_loss": {
            "Max_accuracy": 90.7451923076923,
            "Min_loss": 0.37657570036558,
            "Max_complexity": 0.7324459826468969
        }
    }
}