{
    "Max_accuracy": 97.8496287128713,
    "Min_loss": 0.08342138579631649,
    "Max_complexity": 0.7943141145267831
}