{
    "Max_accuracy": 98.11262376237623,
    "Min_loss": 0.07004288159942457,
    "Max_complexity": 0.7952004809318062
}