{
    "Max_accuracy": 86.41826923076923,
    "Min_loss": 0.6032085808423849,
    "Max_complexity": 0.7559320049575103
}