{
    "Max_accuracy": 89.7235576923077,
    "Min_loss": 0.28467622284705824,
    "Max_complexity": 0.7352815793720605
}