{
    "Max_accuracy": 90.7451923076923,
    "Min_loss": 0.37657570036558,
    "Max_complexity": 0.7324459826468969
}