{
    "Max_accuracy": 91.796875,
    "Min_loss": 0.2658319549444012,
    "Max_complexity": 0.7646464373754728
}