{
    "Max_accuracy": 68.35512907608695,
    "Min_loss": 0.8738700507775597,
    "Max_complexity": 0.8055755759340969
}