{
    "Max_accuracy": 87.74038461538461,
    "Min_loss": 0.4696805981489328,
    "Max_complexity": 0.7564505762603286
}