{
    "Max_accuracy": 66.36803668478261,
    "Min_loss": 0.9616912347467049,
    "Max_complexity": 0.8270949645507937
}